Date,Plugins in Queue,Notes
2025-07-07,466,
2025-07-08,488,
2025-07-09,504,
2025-07-10,470,
2025-07-11,477,
2025-07-12,397,
2025-07-13,399,
2025-07-14,300,
2025-07-15,297,
2025-07-16,298,
2025-07-17,317,
2025-07-18,338,
2025-07-19,343,
2025-07-20,306,
2025-07-21,333,
2025-07-22,345,
2025-07-23,319,
2025-07-24,317,
2025-07-25,315,
2025-07-26,282,
2025-07-27,251,
2025-07-28,255,
2025-07-29,283,
2025-07-30,305,
2025-07-31,324,
2025-08-01,325,
2025-08-02,333,
2025-08-03,307,
2025-08-04,317,
2025-08-05,328,
2025-08-06,365,
2025-08-07,323,
2025-08-08,300,
2025-08-09,286,
2025-08-10,271,
2025-08-11,285,
2025-08-12,305,
2025-08-13,329,
2025-08-14,319,
2025-08-15,281,
2025-08-16,244,
2025-08-17,266,
2025-08-18,228,
2025-08-19,239,
2025-08-20,287,
2025-08-21,316,
2025-08-22,312,
2025-08-23,317,
2025-08-24,307,
2025-08-25,277,
2025-08-26,0,WCUS Contributor Day
2025-08-27,31,
2025-08-28,35,
2025-08-29,66,
2025-08-30,94,
2025-08-31,90,
2025-09-01,92,
2025-09-02,82,
2025-09-03,64,
2025-09-04,78,
2025-09-05,101,
2025-09-06,100,
2025-09-07,97,
2025-09-08,98,
2025-09-09,113,
2025-09-10,172,
2025-09-11,212,
2025-09-12,184,
2025-09-13,174,
2025-09-14,134,
2025-09-15,153,
2025-09-16,160,
2025-09-17,165,
2025-09-18,199,
2025-09-19,210,
2025-09-20,222,
2025-09-21,204,
2025-09-22,180,
2025-09-23,195,
2025-09-24,232,
2025-09-25,267,
2025-09-26,277,
2025-09-27,248,
2025-09-28,243,
2025-09-29,256,
2025-09-30,263,
2025-10-01,254,
2025-10-02,283,
2025-10-03,297,
2025-10-04,317,
2025-10-05,332,
2025-10-06,313,
2025-10-07,304,
2025-10-08,353,
2025-10-09,358,
2025-10-10,383,
2025-10-11,384,
2025-10-12,284,
2025-10-13,291,
2025-10-14,330,
2025-10-15,337,
2025-10-16,343,
2025-10-17,317,
2025-10-18,289,
2025-10-19,259,
2025-10-20,244,
2025-10-21,256,
2025-10-22,278,
2025-10-23,252,
2025-10-24,258,
