Date,Plugins in Queue,Notes
2025-07-07,466,
2025-07-08,488,
2025-07-09,504,
2025-07-10,470,
2025-07-11,477,
2025-07-12,397,
2025-07-13,399,
2025-07-14,300,
2025-07-15,297,
2025-07-16,298,
2025-07-17,317,
2025-07-18,338,
2025-07-19,343,
2025-07-20,306,
2025-07-21,333,
2025-07-22,345,
2025-07-23,319,
2025-07-24,317,
2025-07-25,315,
2025-07-26,282,
2025-07-27,251,
2025-07-28,255,
2025-07-29,283,
2025-07-30,305,
2025-07-31,324,
2025-08-01,325,
2025-08-02,333,
2025-08-03,307,
2025-08-04,317,
2025-08-05,328,
2025-08-06,365,
2025-08-07,323,
2025-08-08,300,
2025-08-09,286,
2025-08-10,271,
2025-08-11,285,
2025-08-12,305,
2025-08-13,329,
2025-08-14,319,
2025-08-15,281,
2025-08-16,244,
2025-08-17,266,
2025-08-18,228,
2025-08-19,239,
2025-08-20,287,
2025-08-21,316,
2025-08-22,312,
2025-08-23,317,
2025-08-24,307,
2025-08-25,277,
2025-08-26,0,WCUS Contributor Day
2025-08-27,31,
2025-08-28,35,
2025-08-29,66,
2025-08-30,94,
2025-08-31,90,
2025-09-01,92,
2025-09-02,82,
2025-09-03,64,
2025-09-04,78,
2025-09-05,101,
2025-09-06,100,
2025-09-07,97,
2025-09-08,98,
2025-09-09,113,
2025-09-10,172,
2025-09-11,212,
2025-09-12,184,
2025-09-13,174,
2025-09-14,134,
2025-09-15,153,
2025-09-16,160,
2025-09-17,165,
2025-09-18,199,
2025-09-19,210,
2025-09-20,222,
2025-09-21,204,
2025-09-22,180,
2025-09-23,195,
2025-09-24,232,
2025-09-25,267,
2025-09-26,277,
2025-09-27,248,
2025-09-28,243,
2025-09-29,256,
2025-09-30,263,
2025-10-01,254,
2025-10-02,283,
2025-10-03,297,
2025-10-04,317,
2025-10-05,332,
2025-10-06,313,
2025-10-07,304,
2025-10-08,353,
2025-10-09,358,
2025-10-10,383,
2025-10-11,384,
2025-10-12,284,
2025-10-13,291,
2025-10-14,330,
2025-10-15,337,
2025-10-16,343,
2025-10-17,317,
2025-10-18,289,
2025-10-19,259,
2025-10-20,244,
2025-10-21,256,
2025-10-22,278,
2025-10-23,252,
2025-10-24,258,
2025-10-25,259,
2025-10-26,253,
2025-10-27,258,
2025-10-28,279,
2025-10-29,287,
2025-10-30,302,
2025-10-31,325,
2025-11-01,324,
2025-11-02,373,
2025-11-03,392,
2025-11-04,389,
2025-11-05,354,
2025-11-06,378,
2025-11-07,391,
2025-11-08,393,
2025-11-09,386,
2025-11-10,395,
2025-11-11,408,
2025-11-12,423,
2025-11-13,460,
2025-11-14,450,
2025-11-15,411,
2025-11-16,426,
2025-11-17,322,
2025-11-18,318,
2025-11-19,359,
2025-11-20,399,
2025-11-21,363,
2025-11-22,406,
2025-11-23,379,
2025-11-24,413,
2025-11-25,437,
2025-11-26,472,
2025-11-27,440,
2025-11-28,403,
2025-11-29,391,
2025-11-30,395,
2025-12-01,387,
2025-12-02,323,
2025-12-03,335,
2025-12-04,299,
2025-12-05,327,
2025-12-06,341,
2025-12-07,363,
2025-12-08,389,
2025-12-09,385,
2025-12-10,376,
2025-12-11,352,
2025-12-12,406,
2025-12-13,447,
2025-12-14,386,
2025-12-15,323,
2025-12-16,317,
2025-12-17,304,
2025-12-18,332,
2025-12-19,348,
2025-12-20,368,
2025-12-21,399,
2025-12-22,342,
2025-12-23,371,
2025-12-24,373,
2025-12-25,353,
2025-12-26,312,
2025-12-27,316,
2025-12-28,358,
2025-12-29,340,
2025-12-30,384,
2025-12-31,364,
2026-01-01,304,
2026-01-02,286,
2026-01-03,320,
2026-01-04,303,
2026-01-05,338,
2026-01-06,311,
2026-01-07,322,
2026-01-08,305,
2026-01-09,319,
2026-01-10,324,
2026-01-11,282,
2026-01-12,243,
2026-01-13,254,
2026-01-14,234,
2026-01-15,264,
2026-01-16,234,
2026-01-17,231,
2026-01-18,229,
2026-01-19,253,
2026-01-20,284,
2026-01-21,277,
2026-01-22,266,
2026-01-23,273,
2026-01-24,239,
2026-01-25,220,
2026-01-26,249,
2026-01-27,294,
2026-01-28,323,
2026-01-29,331,
2026-01-30,287,
2026-01-31,293,
2026-02-01,346,
2026-02-02,368,
2026-02-03,372,
2026-02-04,337,
2026-02-05,370,
2026-02-06,400,
2026-02-07,409,
2026-02-08,347,
2026-02-09,406,
2026-02-10,405,
2026-02-11,488,
2026-02-12,452,
2026-02-13,488,
2026-02-14,465,
2026-02-15,482,
2026-02-16,452,
2026-02-17,414,
2026-02-18,420,
2026-02-19,450,
2026-02-20,482,
2026-02-21,456,
2026-02-22,430,
2026-02-23,420,
2026-02-24,498,
2026-02-25,518,
2026-02-26,526,
2026-02-27,583,
2026-02-28,637,
2026-03-01,652,
2026-03-02,609,
2026-03-03,606,
2026-03-04,624,
2026-03-05,641,
2026-03-06,627,
2026-03-07,715,
2026-03-08,761,
2026-03-09,713,
2026-03-10,647,
2026-03-11,712,
2026-03-12,732,
2026-03-13,742,
2026-03-14,766,
2026-03-15,802,
2026-03-16,888,
2026-03-17,914,
2026-03-18,936,
2026-03-19,857,
2026-03-20,839,
2026-03-21,859,
2026-03-22,815,
2026-03-23,785,
2026-03-24,785,
2026-03-25,793,
2026-03-26,850,
2026-03-27,846,
2026-03-28,865,
2026-03-29,837,
2026-03-30,856,
2026-03-31,855,
2026-04-01,830,
2026-04-02,836,
2026-04-03,854,
2026-04-04,875,
2026-04-05,918,
2026-04-06,840,
2026-04-07,809,
2026-04-08,863,
2026-04-09,943,
2026-04-10,989,
2026-04-11,1043,
2026-04-12,1046,
2026-04-13,1029,
2026-04-14,1058,Highest value in dataset
2026-04-15,987,
2026-04-16,988,
2026-04-17,991,
2026-04-18,942,
2026-04-19,892,
2026-04-20,848,
2026-04-21,838,
2026-04-22,791,
2026-04-23,771,
2026-04-24,781,
2026-04-25,853,
2026-04-26,663,
2026-04-27,662,
2026-04-28,602,
2026-04-29,451,
2026-04-30,487,
2026-05-01,493,
2026-05-02,562,
2026-05-03,577,
2026-05-04,420,
2026-05-05,377,
2026-05-06,283,
2026-05-07,252,
2026-05-08,264,
2026-05-09,334,
